track_name,streams,artist_names,uri,source,peak_rank,rank,previous_rank,weeks_on_chart,clean_track_name
"10,000 Hours (with Justin Bieber)",8177601,"Dan + Shay, Justin Bieber",spotify:track:2wrJq5XKLnmhRXHIAf9xBa,Warner Music Nashville,11,11,-1,118,10000hourswithjustinbieber
11 Minutes (with Halsey feat. Travis Barker),160127,"YUNGBLUD, Halsey, Travis Barker",spotify:track:4mGdjNMo0RonTlOEb7cYg4,Locomotion Recordings/Geffen Records,84,84,-1,5,11minuteswithhalseyfeattravisbarker
"34+35 Remix (feat. Doja Cat, Megan Thee Stallion) - Remix",149992,"Ariana Grande, Doja Cat, Megan Thee Stallion",spotify:track:3jjBPF4NDMCU51psU8JPpR,Republic Records,63,63,-1,2,3435remixfeatdojacatmegantheestallionremix
"Angel Pt. 1 (feat. Jimin of BTS, JVKE & Muni Long)",9531161,"Kodak Black, NLE Choppa, Jimin, JVKE, Muni Long, Fast & Furious: The Fast Saga",spotify:track:1vvcEHQdaUTvWt0EIUYcFK,APG Inc – FF10,1,1,-1,10,angelpt1featjiminofbtsjvkemunilong
"Angel Pt. 2 (feat. Jimin of BTS, Charlie Puth and Muni Long)",2310551,"JVKE, Jimin, Charlie Puth, Muni Long, Fast & Furious: The Fast Saga",spotify:track:2yjeXq5ahx6UUg2rHaUe6X,APG Inc – FF10,4,4,-1,5,angelpt2featjiminofbtscharlieputhandmunilong
Anxiety (with Selena Gomez),73903,"Julia Michaels, Selena Gomez",spotify:track:1XJ93XskwJf7PCyIVLbNBt,Republic Records,127,127,-1,3,anxietywithselenagomez
Antisocial (with Travis Scott),269970,"Ed Sheeran, Travis Scott",spotify:track:1DhRbox3xkceP64k3JeYfW,Atlantic Records UK,48,48,-1,4,antisocialwithtravisscott
As I Am (feat. Khalid),643352,"Justin Bieber, Khalid",spotify:track:6F2r4HgpJnvKDmkN6JEN6J,RBMG/Def Jam,51,51,-1,6,asiamfeatkhalid
BAND4BAND (feat. Lil Baby),401602,"Central Cee, Lil Baby",spotify:track:7iabz12vAuVQYyekFIWJxD,Columbia,194,194,-1,2,band4bandfeatlilbaby
Bam Bam (feat. Ed Sheeran),599917,"Camila Cabello, Ed Sheeran",spotify:track:0QBzMgT7NIeoCYy3sJCof1,Epic,87,87,-1,9,bambamfeatedsheeran
Bad To You (with Normani & Nicki Minaj),136855,"Ariana Grande, Normani, Nicki Minaj",spotify:track:7vJS1DPc3FzBtqBs8n3mW5,Silver Cloud/Charlie's Angels,75,75,-1,2,badtoyouwithnormaninickiminaj
Bad Decisions (with BTS & Snoop Dogg),3674363,"benny blanco, BTS, Snoop Dogg",spotify:track:0xzI1KAr0Yd9tv8jlIk3sn,Friends Keep Secrets/Interscope Records,2,2,-1,13,baddecisionswithbtssnoopdogg
Beautiful Mistakes (feat. Megan Thee Stallion),1988533,"Maroon 5, Megan Thee Stallion",spotify:track:6fRxMU4LWwyaSSowV441IU,Interscope Records*,42,42,-1,20,beautifulmistakesfeatmegantheestallion
Be Kind (with Halsey),2219352,"Marshmello, Halsey",spotify:track:3Z8FwOEN59mRMxDCtb8N0A,Astralwerks,28,28,-1,25,bekindwithhalsey
Born Singer,1052695,BTS,spotify:track:1IthE5GNiRzFN5CVaCa445,BIGHIT MUSIC,5,5,-1,4,bornsinger
Booty Bomb,111215,4EVE,spotify:track:3KkJ7oa4xbCwUecvuj9DxK,"TPOP INCORPORATION Co.,Ltd.",149,149,-1,2,bootybomb
Boom Boom Bass,2778507,RIIZE,spotify:track:2J194R0KIKbK7bTHfUHPDB,SM Entertainment,18,18,-1,6,boomboombass
Boutchya,111758,4EVE,spotify:track:2cqgWnsfBS5aKUHg1pq3fN,"TPOP INCORPORATION Co.,Ltd.",92,92,-1,1,boutchya
Bye Bye Bye - From Deadpool and Wolverine Soundtrack,1932671,*NSYNC,spotify:track:62bOmKYxYg7dhrC6gH9vFn,Jive,67,67,-1,7,byebyebyefromdeadpoolandwolverinesoundtrack
Castle In The Sky,55869,Logan Harris,spotify:track:1qqK7QDTqnmxyjt33x61Wb,recordJet,173,173,-1,1,castleinthesky
Come & Go (with Marshmello),122109,"Juice WRLD, Marshmello",spotify:track:7y7w4tl4MaRC2UMEj1mPtr,Grade A Productions/Interscope Records,145,145,-1,2,comegowithmarshmello
Collide (Sped Up Remix),3628425,"Justine Skye, Tyga",spotify:track:2p6Fh5ruk8YUaO43huubHW,Nynetineth LLC,124,124,-1,27,collidespedupremix
Creepin' (with The Weeknd & 21 Savage),2898569,"Metro Boomin, The Weeknd, 21 Savage",spotify:track:2dHHgzDwk4BJdRwy9uXhTO,Republic Records,114,114,-1,22,creepinwiththeweeknd21savage
Cupid – Twin Ver. (FIFTY FIFTY) – Sped Up Version,125235,sped up 8282,spotify:track:3B228N0GxfUCwPyfNcJxps,WM Korea,198,198,-1,1,cupidtwinverfiftyfiftyspedupversion
Dancing With A Stranger (with Normani),2881092,"Sam Smith, Normani",spotify:track:6Qs4SXO9dwPj5GKvVOv8Ki,PLG - Capitol,11,11,-1,40,dancingwithastrangerwithnormani
Don’t Call Me Angel (Charlie’s Angels) (with Miley Cyrus & Lana Del Rey),679993,"Ariana Grande, Miley Cyrus, Lana Del Rey",spotify:track:3NkJNL3WqO1Lqc3uNDxvCN,Silver Cloud/Charlie's Angels,19,19,-1,7,dontcallmeangelcharliesangelswithmileycyruslanadelrey
Dreamers [Music from the FIFA World Cup Qatar 2022 Official Soundtrack],5202701,"Jung Kook, BTS, FIFA Sound",spotify:track:1RDvyOk4WtPCtoqciJwVn8,Katara Studios | 2101 Records under exclusive license to UnitedMasters LLC,2,2,-1,19,dreamersmusicfromthefifaworldcupqatar2022officialsoundtrack
Die For Me (feat. Future & Halsey),83326,"Post Malone, Halsey, Future",spotify:track:59PYPDxTbqJpiGfyogPb5h,Republic Records,175,175,-1,2,dieformefeatfuturehalsey
Don't Check On Me (feat. Justin Bieber & Ink),280265,"Chris Brown, Justin Bieber, Ink",spotify:track:7ILEWkpfdK6AjH2D7jppWk,Chris Brown Entertainment/RCA Records,85,85,-1,6,dontcheckonmefeatjustinbieberink
Don’t Go (with Justin Bieber & Don Toliver),101664,"Skrillex, Justin Bieber, Don Toliver",spotify:track:55sgQENF3LY1sUcJUwasLl,OWSLA/Atlantic,144,144,-1,2,dontgowithjustinbieberdontoliver
Dum Dum,7229154,Jeff Satur,spotify:track:6b2nmFsOb2sDumvHLMFLA1,WM/Thailand,44,44,-1,34,dumdum
Die For You (with Ariana Grande) - Remix,7904576,"The Weeknd, Ariana Grande",spotify:track:4W4fNrZYkobj539TOWsLO2,XO / Republic Records,3,6,-1,31,dieforyouwitharianagranderemix
Eastside (with Halsey & Khalid),891327,"benny blanco, Halsey, Khalid",spotify:track:7FGq80cy8juXBCD2nrqdWU,Friends Keep Secrets/Interscope Records,20,81,81,51,eastsidewithhalseykhalid
"Familia (with Anuel Aa, feat. Bantu) - Spider-Man: Into the Spider-Verse",50905,"Nicki Minaj, Anuel AA, Bantu",spotify:track:4Uy3kNxW2kB8AEoXljEcth,Universal Records,120,120,-1,4,familiawithanuelaafeatbantuspidermanintothespiderverse
Enemy (with JID) - from the series Arcane League of Legends,2860398,"Imagine Dragons, JID, Arcane, League of Legends",spotify:track:1r9xUipOqoNwggBpENDsvJ,KIDinaKORNER/Interscope Records,26,26,-1,27,enemywithjidfromtheseriesarcaneleagueoflegends
FRANCHISE (feat. Young Thug & M.I.A.),57489,"Travis Scott, Young Thug, M.I.A.",spotify:track:4jVBIpuOiMj1crqd8LoCrJ,Cactus Jack/Epic,178,178,-1,1,franchisefeatyoungthugmia
Dumb Blonde (feat. Nicki Minaj),27789,"Avril Lavigne, Nicki Minaj",spotify:track:1Spmq0UazGU6ovMIlGldZX,BMG Rights Management (US) LLC,135,135,-1,1,dumbblondefeatnickiminaj
Future Ghost (feat. Violette Wautier),130210,"Weird Genius, Violette Wautier",spotify:track:3LcAn7vLisYcHAnACmLvO1,Astralwerks,109,109,-1,2,futureghostfeatviolettewautier
Fly Up (Feat. Door) - Concert Version,228030,"Hwang Chang young, Door",spotify:track:0M55V4n7l0ULeYP64IcjX7,"Genie Music Corporation, Stone Music Entertainment",137,137,-1,2,flyupfeatdoorconcertversion
Find U Again (feat. Camila Cabello),487262,"Mark Ronson, Camila Cabello",spotify:track:5Uw7Dut2lZfexn3Y09swpf,Columbia,75,75,-1,10,finduagainfeatcamilacabello
Girls Like You (feat. Cardi B) - Cardi B Version,1090696,"Maroon 5, Cardi B",spotify:track:7fa9MBXhVfQ8P8Df9OEbD8,Interscope Records*,4,63,63,60,girlslikeyoufeatcardibcardibversion
Giant (with Rag'n'Bone Man),201413,"Calvin Harris, Rag'n'Bone Man",spotify:track:5itOtNx0WxtJmi1TQ3RuRd,Columbia,91,91,-1,7,giantwithragnboneman
HEY HEY (feat. อาภาพร นครสวรรค์),153948,"MILLI, อาภาพร นครสวรรค์",spotify:track:2TJTtCcuOikQ0jSKrtswHI,Yupp! Entertainment/88rising Music,183,183,-1,1,heyheyfeatอาภาพรนครสวรรค์
HIGHEST IN THE ROOM (feat. ROSALÍA & Lil Baby) - REMIX,142271,"Travis Scott, ROSALÍA, Lil Baby",spotify:track:7h0d2h0fUmzbs7zeFigJPn,Cactus Jack/Epic,138,138,-1,3,highestintheroomfeatrosalalilbabyremix
Hate Me (with Juice WRLD),111415,"Ellie Goulding, Juice WRLD",spotify:track:6kls8cSlUyHW2BUOkDJIZE,Polydor Records,144,144,-1,3,hatemewithjuicewrld
I Think I'm OKAY (with YUNGBLUD & Travis Barker),71068,"mgk, YUNGBLUD, Travis Barker",spotify:track:2gTdDMpNxIRFSiu7HutMCg,Bad Boy/Interscope Records,172,172,-1,2,ithinkimokaywithyungbludtravisbarker
Hot Girl Summer (feat. Nicki Minaj & Ty Dolla $ign),85265,"Megan Thee Stallion, Ty Dolla $ign, Nicki Minaj",spotify:track:5N1o6d8zGcSZSeMFkOUQOk,300 Entertainment,136,136,-1,2,hotgirlsummerfeatnickiminajtydollaign
Holy (feat. Chance The Rapper),2675347,"Justin Bieber, Chance the Rapper",spotify:track:6Xgq7MvZiet0hVi3KaDSgJ,RBMG/Def Jam,19,19,-1,21,holyfeatchancetherapper
I Don't Care (with Justin Bieber),4152079,"Ed Sheeran, Justin Bieber",spotify:track:0hVXuCcriWRGvwMV1r5Yn9,Atlantic Records UK,2,2,-1,47,idontcarewithjustinbieber
"I Can’t Get Enough (benny blanco, Selena Gomez, J Balvin, Tainy)",331408,"benny blanco, Selena Gomez, J Balvin, Tainy",spotify:track:1WSGTYKLEpKfNQYYW5Oymt,NEON16/Friends Keep Secrets/Interscope Records,57,57,-1,8,icantgetenoughbennyblancoselenagomezjbalvintainy
I’m Ready (with Demi Lovato),166418,"Sam Smith, Demi Lovato",spotify:track:1fipvP2zmef6vN2IwXfJhY,PLG - Capitol,106,106,-1,3,imreadywithdemilovato
Leave Before You Love Me (with Jonas Brothers),526061,"Marshmello, Jonas Brothers",spotify:track:4qu63nuBpdn0qHUHuObEj1,Republic Records,117,117,-1,10,leavebeforeyoulovemewithjonasbrothers
"Let Me Go (with Alesso, Florida Georgia Line & watt)",140484,"Hailee Steinfeld, Alesso, Florida Georgia Line, WATT",spotify:track:5Gu0PDLN4YJeW75PpBSg9p,Universal Records,16,170,-1,41,letmegowithalessofloridageorgialinewatt
Love Message (เพลงประกอบละคร รักฉุดใจนายฉุกเฉิน),836041,"ซันนี่ สุวรรณเมธานนท์, สกาย วงศ์รวี",spotify:track:6F9yDb4e33URT8BaO3Gw6s,GMM Music Public Company Limited,67,67,-1,13,lovemessageเพลงประกอบละครรักฉุดใจนายฉุกเฉิน
Lie To Me (feat. Julia Michaels),238052,"5 Seconds of Summer, Julia Michaels",spotify:track:6GzApXoBQiiAjak3tOQfV3,Capitol,67,67,-1,7,lietomefeatjuliamichaels
Light It Up (with Tyga & Chris Brown),70537,"Marshmello, Tyga, Chris Brown",spotify:track:4Q8aDd3H6LF8t4eY7So9O8,Astralwerks,106,106,-1,2,lightitupwithtygachrisbrown
Life Is Good (feat. Drake),547988,"Future, Drake",spotify:track:5yY9lUy8nbvjM1Uyo1Uqoc,Epic/Freebandz,70,70,-1,8,lifeisgoodfeatdrake
Like I'm Gonna Lose You (feat. John Legend),1489134,"Meghan Trainor, John Legend",spotify:track:2YlZnw2ikdb837oKMKjBkW,Epic,72,72,-1,23,likeimgonnaloseyoufeatjohnlegend
Lift Me Up - From Black Panther: Wakanda Forever - Music From and Inspired By,453879,Rihanna,spotify:track:6sCvvleqKbeyOkQDieBYgp,Roc Nation/Def Jam/Hollywood,56,56,-1,3,liftmeupfromblackpantherwakandaforevermusicfromandinspiredby
Money In The Grave (Drake ft. Rick Ross),171540,"Drake, Rick Ross",spotify:track:5ry2OE6R2zPQFDO85XkgRb,Republic Records,85,85,-1,4,moneyinthegravedrakeftrickross
Moth To A Flame (with The Weeknd),269628,"Swedish House Mafia, The Weeknd",spotify:track:2gpWyfu7eZ01zzncHpxOtA,Republic Records,74,74,-1,4,mothtoaflamewiththeweeknd
MONOPOLY (with Victoria Monét),162392,"Ariana Grande, Victoria Monét",spotify:track:6tsOcBnaKgzK22yEiqRh8P,Republic Records,43,43,-1,3,monopolywithvictoriamont
New thing (Prod. ZICO) (Feat. Homies),178591,"ZICO, HOMIES",spotify:track:5mdWIwsJAzR97ShGkt8gcR,Genie Music Corporation,141,141,-1,2,newthingprodzicofeathomies
Old Town Road (feat. RM of BTS) - Seoul Town Road Remix,85786,"Lil Nas X, RM, BTS",spotify:track:6woeVu3fVMflqen1t4N6pg,Columbia,55,55,-1,1,oldtownroadfeatrmofbtsseoultownroadremix
"No New Friends (feat. Sia, Diplo, and Labrinth)",136755,"Sia, Diplo, Labrinth, LSD",spotify:track:6Dma0t0hOe6Bd6u5YRKF3n,Records/Columbia,109,109,-1,5,nonewfriendsfeatsiadiploandlabrinth
Nothing Breaks Like a Heart (feat. Miley Cyrus),146272,"Mark Ronson, Miley Cyrus",spotify:track:27rdGxbavYJeBphck5MZAF,Columbia,116,133,125,10,nothingbreakslikeaheartfeatmileycyrus
One Kiss (with Dua Lipa),625318,"Calvin Harris, Dua Lipa",spotify:track:7ef4DlsgrMEH11cDZd32M6,Sony Music UK,15,158,-1,31,onekisswithdualipa
"One Of The Girls (with JENNIE, Lily Rose Depp)",37275298,"The Weeknd, JENNIE, Lily-Rose Depp",spotify:track:1VNWdmXSbaNrnWod10WIL0,Universal Republic Records,10,10,-1,77,oneofthegirlswithjennielilyrosedepp
Potion (with Dua Lipa & Young Thug),136010,"Calvin Harris, Dua Lipa, Young Thug",spotify:track:7fYRg3CEbk6rNCuzNzMT06,Columbia,169,169,-1,2,potionwithdualipayoungthug
Promethazine - Hidden World Live Session,1123971,"Saran, BlackHeart, DIAMOND MQT",spotify:track:0DrbzBvi4h8HZBpmtJqq0J,SARAN,117,117,-1,4,promethazinehiddenworldlivesession
Peaches (feat. Daniel Caesar & Giveon),15356193,"Justin Bieber, Daniel Caesar, Giveon",spotify:track:4iJyoBOLtHqaGxP12qzhQI,RBMG/Def Jam,1,1,-1,85,peachesfeatdanielcaesargiveon
Pain 1993 (with Playboi Carti),51008,"Drake, Playboi Carti",spotify:track:6Kj17Afjo1OKJYpf5VzCeo,OVO,146,146,-1,1,pain1993withplayboicarti
Outta My Head (with John Mayer),452243,Khalid,spotify:track:09oZ9eXQ2fo6YDrPzJqAoP,"Right Hand Music Group, LLC/RCA Records",23,23,-1,7,outtamyheadwithjohnmayer
Power is Power (feat. The Weeknd & Travis Scott),156422,"SZA, The Weeknd, Travis Scott, Game of Thrones",spotify:track:4cbdPT6uaBOgOQe3fLMofl,Columbia,75,75,-1,4,powerispowerfeattheweekndtravisscott
Prisoner (feat. Dua Lipa),260546,"Miley Cyrus, Dua Lipa",spotify:track:2Oycxb8QbPkpHTo8ZrmG0B,RCA Records Label,109,109,-1,4,prisonerfeatdualipa
SOS (feat. Aloe Blacc),427521,"Avicii, Aloe Blacc",spotify:track:6nDKrPlXdpomGBgAlO7UdP,Universal Music AB,52,52,-1,10,sosfeataloeblacc
Save Your Tears (with Ariana Grande) (Remix),3475017,"The Weeknd, Ariana Grande",spotify:track:37BZB0z9T8Xu7U3e65qxFy,Republic Records,23,23,-1,43,saveyourtearswitharianagranderemix
Rewrite The Stars (with James Arthur & Anne-Marie),173139,"James Arthur, Anne-Marie",spotify:track:6mQLN3zRtAp6ovjusyYKrV,Atlantic Records,81,85,85,11,rewritethestarswithjamesarthurannemarie
SAD GIRLZ LUV MONEY Remix (feat. Kali Uchis and Moliy),168774,"Amaarae, Kali Uchis, MOLIY",spotify:track:09gysnJpfQ3ublBmJDfcEC,0207 Def Jam,152,152,-1,3,sadgirlzluvmoneyremixfeatkaliuchisandmoliy
STAY (with Justin Bieber),14810033,"The Kid LAROI, Justin Bieber",spotify:track:5PjdY0CKGZdEuoNab3yDmX,Columbia,1,1,-1,81,staywithjustinbieber
Say So (feat. Nicki Minaj),647205,"Doja Cat, Nicki Minaj",spotify:track:11VApNQCWLJdzxWrlmwzUa,Kemosabe Records/RCA Records,39,39,-1,7,saysofeatnickiminaj
Save Your Tears (Remix) (with Ariana Grande) - Bonus Track,472538,"The Weeknd, Ariana Grande",spotify:track:1oFAF1hdPOickyHgbuRjyX,XO / Republic Records,23,165,-1,51,saveyourtearsremixwitharianagrandebonustrack
Self Love (Spider-Man: Across the Spider-Verse) (Metro Boomin & Coi Leray),147789,"Metro Boomin, Coi Leray",spotify:track:0AAMnNeIc6CdnfNU85GwCH,Republic Records,166,166,-1,1,selflovespidermanacrossthespiderversemetroboomincoileray
Sour Candy (with BLACKPINK),3710456,"Lady Gaga, BLACKPINK",spotify:track:1IWNylpZ477gIVUDpJL66u,Interscope,1,1,-1,23,sourcandywithblackpink
Soon You’ll Get Better (feat. The Chicks),44270,"Taylor Swift, The Chicks",spotify:track:4AYtqFyFbX0Xkc2wtcygTr,Taylor Swift,154,154,-1,1,soonyoullgetbetterfeatthechicks
Standing Next to You - Sped Up - Remix,3097832,Beat Record,spotify:track:0paWX66K9n7sYR9AkKkyzB,Pablo Nunes,1,1,1,17,standingnexttoyouspedupremix
Seven (feat. Latto) (Explicit Ver.),72037642,"Jung Kook, Latto",spotify:track:2HRgqmZQC0MC7GeNuDIXHN,BIGHIT MUSIC,1,2,1,78,sevenfeatlattoexplicitver
Surfing - feat. Plastic Plastic,307928,"SCRUBB, Plastic Plastic",spotify:track:3oY8TfWLkGJiJ8zcrANX8I,Scrubb,73,73,-1,4,surfingfeatplasticplastic
Ten Years Later (เพลงประกอบภาพยนตร์ เพราะเราคู่กัน The Movie),340927,WIN METAWIN,spotify:track:1NVyrOAoq5N07oBRgf4Q0R,GMM Music Public Company Limited,85,85,-1,6,tenyearslaterเพลงประกอบภาพยนตร์เพราะเราคู่กันthemovie
Summer Days (feat. Macklemore & Patrick Stump of Fall Out Boy),383146,"Martin Garrix, Macklemore, Fall Out Boy",spotify:track:7Feaw9WAEREY0DUOSXJLOM,Epic Amsterdam,76,76,-1,9,summerdaysfeatmacklemorepatrickstumpoffalloutboy
Summer of Love (Shawn Mendes & Tainy),351763,"Shawn Mendes, Tainy",spotify:track:0z8hI3OPS8ADPWtoCjjLl6,Shawn Mendes LP4-5 PS/ Island,64,64,-1,5,summerofloveshawnmendestainy
Take What You Want (feat. Ozzy Osbourne & Travis Scott),264538,"Post Malone, Ozzy Osbourne, Travis Scott",spotify:track:7CZyCXKG6d5ALeq41sLzbw,Republic Records,167,167,-1,6,takewhatyouwantfeatozzyosbournetravisscott
TMRW (feat. OG-ANIC & URBOYTJ),1421179,"LAZYLOXY, OG-ANIC, URBOYTJ",spotify:track:7ft1JAnJ3VUEAB2HGaLKP8,Yupp! Entertainment,15,15,-1,19,tmrwfeatoganicurboytj
Stuck with U (with Justin Bieber),13798841,"Ariana Grande, Justin Bieber",spotify:track:4HBZA5flZLE435QTztThqH,"Ariana Grande & Justin Bieber ""Stuck With U""- Charity",5,5,-1,136,stuckwithuwithjustinbieber
Until I Found You (with Em Beihold) - Em Beihold Version,10989240,"Stephen Sanchez, Em Beihold",spotify:track:1Y3LN4zO1Edc2EluIoSPJN,Republic Records,35,35,-1,56,untilifoundyouwithembeiholdembeiholdversion
Wandered To LA (with Justin Bieber),105721,"Juice WRLD, Justin Bieber",spotify:track:1cA4wEmLkKlttS6N89LbJh,Grade A Productions/Interscope Records,179,179,-1,2,wanderedtolawithjustinbieber
What A Time (feat. Niall Horan),22946,"Julia Michaels, Niall Horan",spotify:track:5WtfUKzXircvW8l5aaVZWT,Republic Records,182,182,-1,1,whatatimefeatniallhoran
We don't talk together (Prod. by SUGA),49575,"Heize, GIRIBOY",spotify:track:77dcmf2tTedc3BuOPF13Ma,Genie Music Corporation,102,102,-1,1,wedonttalktogetherprodbysuga
White Christmas (with V of BTS),6837707,"V, Bing Crosby",spotify:track:7134tEHq45eL6am9oVazZU,White Christmas,1,1,-1,3,whitechristmaswithvofbts
What's Up Danger (with Black Caviar),20998,"Blackway, Black Caviar",spotify:track:5zsHmE2gO3RefVsPyw2e3T,Universal Records,182,182,-1,1,whatsupdangerwithblackcaviarluther (with sza),2070610,"Kendrick Lamar, SZA",spotify:track:2CGNAOSuO1MEFCbBRgUzjd,"pgLang, under exclusive license to Interscope Records",79,79,-1,6,lutherwithsza
boyfriend (with Social House),5636561,"Ariana Grande, Social House",spotify:track:0Ryd8975WihbObpp5cPW1t,Republic Records,10,10,-1,86,boyfriendwithsocialhouse
กอดที (ONE HUG) [เพลงประกอบภาพยนตร์ เพราะเราคู่กัน The Movie],152790,BRIGHT,spotify:track:5nSL6n4bvqcYTwCSL7qU8g,GMM Music Public Company Limited,148,148,-1,3,กอดทีonehugเพลงประกอบภาพยนตร์เพราะเราคู่กันthemovie
ก่อนเคยเป็น (feat. LAZYLOXY),94700,"Maiyarap, LAZYLOXY",spotify:track:13tej4bZgY7zbHNQlmR68D,Yupp! Entertainment,132,132,-1,2,ก่อนเคยเป็นfeatlazyloxy
off the table (with The Weeknd),49035,"Ariana Grande, The Weeknd",spotify:track:7E1jVNoWuemqUryI4FxsVD,Republic Records,198,198,-1,1,offthetablewiththeweeknd
ขอวอน - Version 2,1367676,Somkiat,spotify:track:4UAZzP59cUp1o8ayUnVDBr,Smallroom,123,123,-1,26,ขอวอนversion2
กาลครั้งหนึ่ง (feat. ปาล์มมี่ อีฟ ปานเจริญ),50236,"Stamp, ปาล์มมี่ อีฟ ปานเจริญ",spotify:track:2jvtsWdI64fls66D8b3zhj,LOVEiS,160,160,-1,7,กาลครั้งหนึ่งfeatปาล์มมี่อีฟปานเจริญ
กีดกัน (Skyline) - From แปลรักฉันด้วยใจเธอ,13006517,Billkin,spotify:track:4D6f8Y7qiOvmFbm3TIab22,Nadao Music,2,2,-1,76,กีดกันskylinefromแปลรักฉันด้วยใจเธอ
คู่หู (feat. แก้ม วิชญาณี),113327,"D Gerrard, แก้ม วิชาญาณี",spotify:track:3PEnp5FiHVBoRba1wuEthU,WM/Thailand,90,90,-1,2,คู่หูfeatแก้มวิชญาณี
จมน้ำตา (เพลงประกอบละคร มณีพยาบาท),312220,New & Jiew,spotify:track:7lUCulivM40OIpxw1Bk3HJ,GMM Music Public Company Limited,153,153,-1,2,จมน้ำตาเพลงประกอบละครมณีพยาบาท
ขอให้เธอเจอคนเเบบเธอ,289026,"Lipta, MEAN Band",spotify:track:4kqQoQiQ4OfB0OHKIStfRg,Lipta,69,69,-1,4,ขอให้เธอเจอคนเเบบเธอ
คำมั่น (feat. Ammy The Bottom Blues),590724,"D Gerrard, Ammy The Bottom Blues",spotify:track:5L1icGhCBFN7lTPeKIIi2S,WM/Thailand,31,31,-1,4,คำมั่นfeatammythebottomblues
คิดมาก (เพลงประกอบภาพยนตร์ Friend Zone ระวัง..สิ้นสุดทางเพื่อน),185952,"Palmy, Namfon Indee, Claudia Barretto, Chi Pu, Meng Jia, Joyce Chu, Laura Mam, Audrey Tapiheru, Cantika Abigail, Phyu Phyu Kyaw Thein",spotify:track:6YVDFHYt2YSkdkbAeqnAeH,GMM Music Public Company Limited,46,46,-1,4,คิดมากเพลงประกอบภาพยนตร์friendzoneระวังสิ้นสุดทางเพื่อน
คนแบบไหน (เพลงประกอบซีรีส์ ปลาบนฟ้า),1149227,Mix Sahaphap,spotify:track:44ymejne8Roi7uT4lhiwCR,GMM Music Public Company Limited,33,33,-1,9,คนแบบไหนเพลงประกอบซีรีส์ปลาบนฟ้า
คั่นกู (เพลงประกอบซีรีส์ เพราะเราคู่กัน),5562804,BRIGHT,spotify:track:2ZGgIXaoierTsnkrDzuBzY,GMM Music Public Company Limited,7,7,-1,26,คั่นกูเพลงประกอบซีรีส์เพราะเราคู่กัน
"ข้างเธอ - From ""TharnType SS2 7 years of love""",50408,อ๊อฟ ชัยนนท์,spotify:track:1R6NyMrOvwexREG2CC1Xkk,WebTVAsia,190,190,-1,1,ข้างเธอfromtharntypess27yearsoflove
ดาว - Cover version,4794362,Pause,spotify:track:7JT0xvRdL46U36JqiCTfWS,Bakery Music,80,80,-1,82,ดาวcoverversion
ชนดิ feat. WAII,30528,"POKMINDSET, MVL",spotify:track:6moTM2aGWVzSgNo9vNw9qT,Mindset Mob,104,104,-1,1,ชนดิfeatwaii
ฉลามชอบงับคุณ Feat.IIVY B,3649127,bonnadol,spotify:track:1NEBh01Wwtak3R1eCxlwrJ,Bonnadol,11,11,-1,17,ฉลามชอบงับคุณfeatiivyb
ดูออก,913508,"MEAN Band, Milli, Pae Sax Mild, WANWANWAN",spotify:track:3LTNt6MSRwTyyOmJBQrjvG,LOVEiS Entertainment,56,56,-1,11,ดูออก
นะครับ (ได้ไหม) - Acoustic Version,693568,spsalola,spotify:track:51GuxG7BsdZ0MRR3CgbhFp,Spsalola,156,156,-1,15,นะครับได้ไหมacousticversion
นักเลงเก่า (เพลงประกอบภาพยนตร์ 4 KINGS),136975,"TaitosmitH, D Gerrard",spotify:track:0DUsZB2BO8voYAQGCGAiSq,GMM Music Public Company Limited,119,119,-1,2,นักเลงเก่าเพลงประกอบภาพยนตร์4kings
ทิ้งแต่เก็บ (เพลงประกอบภาพยนตร์ ฮาวทูทิ้ง..ทิ้งอย่างไร ไม่ให้เหลือเธอ),10560748,THE TOYS,spotify:track:438m0u7h7miwjCdCdDCl9W,GMM Music Public Company Limited,1,1,-1,69,ทิ้งแต่เก็บเพลงประกอบภาพยนตร์ฮาวทูทิ้งทิ้งอย่างไรไม่ให้เหลือเธอ
ติดกับ (เพลงประกอบซีรีส์ เพราะเราคู่กัน),719104,Max Jenmana,spotify:track:5WHldZsdqAeLx9heJ5cIQH,GMM Music Public Company Limited,68,68,-1,10,ติดกับเพลงประกอบซีรีส์เพราะเราคู่กัน
ตาแตก (feat. YinWar),348746,"MILLI, Wonderframe, YinWar",spotify:track:586o3EWhs0FXEr0tGLDxOJ,Yupp! Entertainment/88rising Music,58,58,-1,4,ตาแตกfeatyinwar
ถ้าเธอ feat. Violette Wautier,18172373,"Stamp, Violette Wautier",spotify:track:2bGK8OZkr2IH4XHFMWS3CZ,123Records,1,1,-1,76,ถ้าเธอfeatviolettewautier
ทะเลสีดำ (เพลงประกอบละคร แปลรักฉันด้วยใจเธอ Part 2),173246,"Billkin, PP Krit",spotify:track:4d3ZN68omv7xoexu5wglUD,GMM Music Public Company Limited,67,67,-1,2,ทะเลสีดำเพลงประกอบละครแปลรักฉันด้วยใจเธอpart2
"ทั้งจำทั้งปรับ (Jailhouse rap) feat. YOUNGOHM, KARN The Parkinson",3564516,Stamp,spotify:track:1Wuq5oThaFJmFl2vJNYMKD,123Records,7,7,-1,37,ทั้งจำทั้งปรับjailhouserapfeatyoungohmkarntheparkinson
ภาพเรา (Good Quality Picture) - From บัส ซิ่ง ไทยแลนด์,739043,BUS,spotify:track:7gdRZLMXECnJ8HnZYm5N23,SONRAY MUSIC,50,50,-1,2,ภาพเราgoodqualitypicturefromบัสซิ่งไทยแลนด์
น้อง (Nong),8287518,"Three Man Down, URBOYTJ",spotify:track:0unRRE5iY2faIR2HV2aGpF,GMM Music Public Company Limited,13,13,-1,31,น้องnong
ภูเขาบังเส้นผม (Hide you) feat. TWOPEE,3769447,Stamp,spotify:track:5kHLmBd3GTMIFhWdD3berA,123Records,6,50,-1,109,ภูเขาบังเส้นผมhideyoufeattwopee
น่ารักชิบปุ๋ง Feat.SPRITE,447543,bonnadol,spotify:track:6I3Y2cxdvLVZeLRVoB3aVG,Bonnadol,113,113,-1,4,น่ารักชิบปุ๋งfeatsprite
พิง (เพลงประกอบละคร กระเช้าสีดา),35570001,NONT TANONT,spotify:track:6MjLHdROTcaU22k7B6gxR6,GMM Music Public Company Limited,2,2,-1,133,พิงเพลงประกอบละครกระเช้าสีดา
รักติดไซเรน (My Ambulance) - From รักฉุดใจนายฉุกเฉิน Original Soundtrack,9550647,"Ice Paris, Pearwah",spotify:track:0vIvE2RgjnMpUQn875C4Vz,Nadao Music,1,1,-1,66,รักติดไซเรนmyambulancefromรักฉุดใจนายฉุกเฉินoriginalsoundtrack
รักแรก (First Love) [เพลงประกอบภาพยนตร์ รักแรกโคตรลืมยาก My Precious],35963506,NONT TANONT,spotify:track:5Zlwu2g4rzTNfyu28L1bWv,GMM Music Public Company Limited,4,4,-1,72,รักแรกfirstloveเพลงประกอบภาพยนตร์รักแรกโคตรลืมยากmyprecious
"มันดีกว่าที่คิด - จาก ""ละคร อกเกือบหักแอบรักคุณสามี""",5117802,Singto Numchok,spotify:track:3U2vJ9B0vutk3kLqLGkvQn,Bec World Public Company Limited,12,12,-1,33,มันดีกว่าที่คิดจากละครอกเกือบหักแอบรักคุณสามี
รักเอ๋ย (เพลงจากละคร พนมนาคา),5025643,Bird Thongchai,spotify:track:4p326fEVOplgTi21gnb6CH,GMM Music Public Company Limited,53,53,-1,22,รักเอ๋ยเพลงจากละครพนมนาคา
สุดใจ (feat. Keng Tachaya),1317517,"Maiyarap, Keng Tachaya",spotify:track:23YIgLVPlRRzLj1yttUvWU,Yupp! Entertainment,68,68,-1,11,สุดใจfeatkengtachaya
สองใจ (เพลงประกอบภาพยนตร์ วอน(เธอ)),740112,MEYOU,spotify:track:5gJd2XWfQSLvJnyQYeKfaq,GMM Music Public Company Limited,152,152,-1,15,สองใจเพลงประกอบภาพยนตร์วอนเธอ
หน้าที่ของความรัก(Mission) Feat. เล็ก พงษธร,49542,Pause,spotify:track:4SeC84Av9mcpn7TZq3WWpv,ME Records,184,184,-1,1,หน้าที่ของความรักmissionfeatเล็กพงษธร
ลั่นทม (เพลงประกอบละคร หอมกลิ่นความรัก),12347435,Cocktail,spotify:track:2uZ6hKHh0UjZMz0YKzCLT1,GMM Music Public Company Limited,16,16,-1,35,ลั่นทมเพลงประกอบละครหอมกลิ่นความรัก
สองใจ (เพลงประกอบละคร วันทอง),6660940,Da Endorphine,spotify:track:5sXuqzLmT1z6Gnf3S2TzSz,GMM Music Public Company Limited,4,4,-1,29,สองใจเพลงประกอบละครวันทอง
วังวน(BOXX FROM HOME),4942665,SERIOUS BACON,spotify:track:3o4erj1cYrVQFUNcKAYZoH,Boxx Music,39,39,-1,51,วังวนboxxfromhome
หนังเรื่องเดิม,244209,MEAN Band,spotify:track:2J5rVEKnz8FQnh3SgWp7eN,LOVEiS Entertainment,98,98,-1,4,หนังเรื่องเดิม
วันนั้นฝนก็ตกแบบนี้แหละ (rainy day) feat. Fongbeer,993236,"MEAN Band, Fongbeer",spotify:track:6k0JjaYoanpJ0lpzPMrBmB,LOVEiS Entertainment,117,171,-1,16,วันนั้นฝนก็ตกแบบนี้แหละrainydayfeatfongbeer
ลอยทะเล (Original by Joey Boy) (feat. NARA THEPNUPA & GUYGEEGEE),216498,"CDGuntee, NARA THEPNUPA, GUYGEEGEE",spotify:track:3lEKVsTevzcoffF6uSudZe,Sony Music Entertainment Thailand,175,175,-1,1,ลอยทะเลoriginalbyjoeyboyfeatnarathepnupaguygeegee
เก็บความรู้สึกเก่ง (Invisible Tears) / Boys Don't Cry,47732,Tay Tawan,spotify:track:5ybBwHoTgTAwKkVJ8PIzw1,GMM Music Public Company Limited,192,192,-1,1,เก็บความรู้สึกเก่งinvisibletearsboysdontcry
เก็บไว้ในใจไม่พอ (feat. Three Man Down),4346322,"Maiyarap, Three Man Down",spotify:track:0hdVaCnCS5d5puPAN2tQ25,Yupp! Entertainment,29,29,-1,54,เก็บไว้ในใจไม่พอfeatthreemandown
อย่าเกลียดกันก็พอ feat. Maiyarap,59867,"Lipta, MAIYARAP",spotify:track:6HhV2BG5IrreyQoGo9Dxa6,Tero Music,138,138,-1,1,อย่าเกลียดกันก็พอfeatmaiyarap
หลงกล - Rock Quest Project,1177059,LHAM,spotify:track:6XBuq06PRjuIGbJjf7DqGm,RS MUSIC,159,159,-1,7,หลงกลrockquestproject
"หัวใจสั่งให้รัก - จาก ""ละคร อกเกือบหักแอบรักคุณสามี""",100805,แพรว คณิตกุล,spotify:track:43F823Bzv4zE9z1IYSM7nQ,Bec World Public Company Limited,168,168,-1,2,หัวใจสั่งให้รักจากละครอกเกือบหักแอบรักคุณสามี
"อยู่ในใจฉัน (จาก ""ละคร นางสาวไม่จำกัดนามสกุล"")",109379,TOR Saksit,spotify:track:2L76QuQlyxW5f8AmJlQOi6,BEC-TERO ENTERTAINMENT PUBLIC COMPANY LIMITED,69,69,-1,3,อยู่ในใจฉันจากละครนางสาวไม่จำกัดนามสกุล
เก็บทรงไม่อยู่ Feat. DIAMOND MQT,231086,VANGOE,spotify:track:7CpMg7gQbWottldcXuoFQv,EXP ENTERTAINMENT,73,73,-1,3,เก็บทรงไม่อยู่featdiamondmqt
เลือดพ่อแรง (feat. คุณพ่อดิเรก) [With คุณพ่อ],76419,"Maiyarap, คุณพ่อดิเรก",spotify:track:26Tog7ysmQSnEnp64mme2H,Yupp! Entertainment,155,155,-1,2,เลือดพ่อแรงfeatคุณพ่อดิเรกwithคุณพ่อ
เริ่มต้นใหม่ (Alive) [feat. พงษ์สิทธิ์ คำภีร์],157973,"WANYAi, Pongsit Kampee",spotify:track:6lA7TQsr76b3vPkYpO2EiX,"HOLYFOX CO., LTD.",89,89,-1,2,เริ่มต้นใหม่alivefeatพงษ์สิทธิ์คำภีร์
เท เท เท x P-Hot,388651,Oat Pramote,spotify:track:5FORmH2lmOewM6RbC17wJl,GMM Music Public Company Limited,30,30,-1,6,เทเทเทxphot
เพลงที่เพิ่งเขียนจบ (OUR SONG) [เพลงประกอบซีรีส์ แค่เพื่อนครับเพื่อน BAD BUDDY SERIES],239588,NANON,spotify:track:5vSNZkeesxul81fmuuZd2n,GMM Music Public Company Limited,80,80,-1,3,เพลงที่เพิ่งเขียนจบoursongเพลงประกอบซีรีส์แค่เพื่อนครับเพื่อนbadbuddyseries
เพลงรัก (Hook) (เพลงประกอบซีรีส์ แฟนผมเป็นประธานนักเรียน My School President),3492194,GEMINI,spotify:track:3IPNXwdcnW8WSMvUPl66hI,GMM Music Public Company Limited,65,65,-1,19,เพลงรักhookเพลงประกอบซีรีส์แฟนผมเป็นประธานนักเรียนmyschoolpresident
เชื่อได้มั้ย? (เพลงประกอบละคร นางสาว 18 มงกุฎ),46604,"Kacha Nontanun, Faye Fang Kaew",spotify:track:1FSuKqdbMj0l8jIItYZkvw,GMM Music Public Company Limited,188,188,-1,1,เชื่อได้มั้ยเพลงประกอบละครนางสาว18มงกุฎ
เดี๋ยวเธอกับเขาก็คืนดีกัน Feat. 3rd Tilly Birds,565302,Copter,spotify:track:7JC59jSvjSbJ2MszeV6fBs,Boxx Music,67,67,-1,9,เดี๋ยวเธอกับเขาก็คืนดีกันfeat3rdtillybirds
แฟนใหม่หน้าคุ้น (feat. MILLI),28633896,"Maiyarap, MILLI",spotify:track:29E8BUUDQbc5S7jMPOj9wW,Yupp! Entertainment,1,1,-1,157,แฟนใหม่หน้าคุ้นfeatmilli
ใจผูกเจ็บ (HEARTROCKER) - Rock Version,187665,"ToNy_gospel, HEARTROCKER",spotify:track:5RR9RhZDLTKp4XNsTZsV9o,YGG-Music,109,109,-1,3,ใจผูกเจ็บheartrockerrockversion
"ใจความสำคัญ - From ""รักหมดแก้ว Love on the Rocks""",8601448,Musketeers,spotify:track:1QVDZtpOnbu9nt8qzzRPqY,Tigger Twins,99,99,-1,58,ใจความสำคัญfromรักหมดแก้วloveontherocks
แค่เพื่อนมั้ง (Just Friend?) [เพลงประกอบซีรีส์ แค่เพื่อนครับเพื่อน BAD BUDDY SERIES],221173,NANON,spotify:track:03jBontbv2DkRxsgLU8H4x,GMM Music Public Company Limited,167,167,-1,4,แค่เพื่อนมั้งjustfriendเพลงประกอบซีรีส์แค่เพื่อนครับเพื่อนbadbuddyseries
"โดดดิด่ง - From ""ไทบ้าน x BNK48 จากใจผู้สาวคนนี้""",277573,BNK48,spotify:track:3y7OjUQToZCM0fdgHHeyHZ,BNK48 Office,45,45,-1,3,โดดดิด่งfromไทบ้านxbnk48จากใจผู้สาวคนนี้
ไม่อยากให้กลับ x Hollaphonic,28198,Peck Palitchoke,spotify:track:77ilNpIjv9gZu8zUb3l4uv,GMM Music Public Company Limited,140,140,-1,1,ไม่อยากให้กลับxhollaphonic
ไรเฟิร์น(Remix),135633,Rifle,spotify:track:0BGDICShhuh19ZxzzeOpNc,HURRIKANEZ RECORD,199,199,-1,1,ไรเฟิร์นremix
ในฐานะอะไรก็ได้ Feat. P-HOT,140503,Sirpoppa,spotify:track:6O1IJD0n3FJ56P1F09VpmF,ME Records,81,81,-1,3,ในฐานะอะไรก็ได้featphot
ไม่สนิทอย่าทัก feat. Chilling Sunday,595880,"fellow fellow, Chilling Sunday",spotify:track:3uQfQMt9GEXhAZLVGtubcv,BEC-TERO ENTERTAINMENT PUBLIC COMPANY LIMITED,51,51,-1,8,ไม่สนิทอย่าทักfeatchillingsunday
