rank,uri,artist_names,track_name,source,peak_rank,previous_rank,weeks_on_chart,streams
1,"spotify:track:3crZQarcOagdupRZNzRGWe","Tilly Birds","ถ้าเราเจอกันอีก (Until Then)","GMM Music Public Company Limited",1,1,21,"401300"
2,"spotify:track:2MnVrkbwL6ViB7q4NI7oVK","ZENTYARB, PUNYARB, LAZYLOXY","ฉบับปรับปรุง","Digital LUV",2,2,16,"323288"
3,"spotify:track:0dcnrLo8s1rhjm8euGjI4n","TREASURE","DARARI","YG Entertainment",1,3,10,"315456"
4,"spotify:track:3imt8APLtyXVGsLZM362nA","Paper Planes, Moon","เสแสร้ง (Pretend)","GMM Music Public Company Limited",4,4,6,"297587"
5,"spotify:track:2bGK8OZkr2IH4XHFMWS3CZ","Stamp, Violette Wautier","ถ้าเธอ feat. Violette Wautier","123Records",1,5,13,"292207"
6,"spotify:track:6MjLHdROTcaU22k7B6gxR6","NONT TANONT","พิง (เพลงประกอบละคร กระเช้าสีดา)","GMM Music Public Company Limited",2,6,29,"287935"
7,"spotify:track:2m6Ko3CY1qXNNja8AlugNc","Troye Sivan","Angel Baby","EMI Recorded Music Australia Pty Ltd",7,27,32,"286846"
8,"spotify:track:3BV2YcwoVRxK4dXxyaHpZU","Patrickananda","Lavender","WM/Thailand",1,9,24,"264129"
9,"spotify:track:2oBMZYteeO8DyXV9gDx6Za","Red Velvet","Feel My Rhythm","SM Entertainment",1,7,5,"261126"
10,"spotify:track:1rNYuv63emsYt4Jjv8RlgJ","Mirrr","เจ้าของที่","What The Duck",10,11,6,"253202"
11,"spotify:track:315ar0QJiyciYkdVJUGA3w","No One Else","ต่อจากนี้เพลงรักทุกเพลงจะเป็นของเธอเท่านั้น","Spicy Disc",1,10,26,"253183"
12,"spotify:track:1CfKHIQhgKrUMAkj4VwI4J","MILLI, mints","17 นาที (feat. mints)","Yupp! Entertainment/88rising Music",4,15,9,"251664"
13,"spotify:track:0Q5VnK2DYzRyfqQRJuUtvi","IVE","LOVE DIVE","STARSHIP Entertainment",8,8,3,"249982"
14,"spotify:track:63VOJDNJ3a5dve74kzWVcF","Patrickananda","คนไกล","WM/Thailand",3,14,91,"242987"
15,"spotify:track:3Js0tYhiLhVXHskoOF0jLh","BOWKYLION","บานปลาย (best wishes)","What The Duck",4,13,22,"240884"
16,"spotify:track:1XVQu6SXMMEJ3nc9BOGhgk","88rising, BIBI, MILLI","The Weekend - MILLI Remix","88rising Music",11,46,13,"238426"
17,"spotify:track:2qKXdSbREFW4Py3i7leW0r","Tattoo Colour, D Gerrard","SuperCarCare","Smallroom",5,12,8,"235824"
18,"spotify:track:6SaADaULbCkQ2NZPYD9vaF","Only Monday","ได้แต่นึกถึง","GMM Music Public Company Limited",15,17,24,"232755"
19,"spotify:track:1ecud9LC1clhcuhjLIyyMB","Blackbeans","Wish","Blackbeans",8,16,76,"231065"
20,"spotify:track:1pFNuRW1pWWrDvw3d6HFfR","Praesun","ใจหายอ่ะ สงสัยอยู่ที่เธอ - AirTag","kiddo records",20,26,4,"216985"
21,"spotify:track:3YN1Qgpgt5xVurl2mUFA4y","Tilly Birds, MILLI","เพื่อนเล่น ไม่เล่นเพื่อน (Just Being Friendly)","GMM Music Public Company Limited",1,18,52,"216716"
22,"spotify:track:7MxhdBolnOFvWu4WMURsX5","BOWKYLION","ทราบแล้วเปลี่ยน - attention please","What The Duck",7,20,5,"198130"
23,"spotify:track:52h8p62Jx8KzQynM6heq7n","Urworld","Sunkissed","Urworld",1,22,58,"188462"
24,"spotify:track:4LRPiXqCikLlN15c3yImP7","Harry Styles","As It Was","Columbia",24,54,3,"188150"
25,"spotify:track:0QzuaeCEEOV40Pn7IvKEny","Dhruv","double take","Little Worry/RCA Records",1,32,49,"187787"
26,"spotify:track:0gEewSHZqPiNQa9DqeeUXj","4EVE","วัดปะหล่ะ? (TEST ME)","TPOP INCORPORATION Co.,Ltd.",2,23,56,"185478"
27,"spotify:track:4rDCI4NQEBQrfTFN5epRYU","THE TOYS","อาหมวยหาย (阿妹走 / Chinese Girl)","What The Duck",8,24,12,"184736"
28,"spotify:track:15Xn4r9FY3725iHIfyq5hE","PUNYARB","คำถาม","YARBCREW",5,28,30,"184215"
29,"spotify:track:4aDz9NTsLULSvewSLg8lih","BELL WARISARA","เอาปากกามาวง","Home Run Music",4,25,22,"182716"
30,"spotify:track:68HocO7fx9z0MgDU0ZPHro","NIKI","Every Summertime","MARVEL/Hollywood Records, Inc./Interscope Records",8,44,18,"180977"
31,"spotify:track:0IGUXY4JbK18bu9oD4mPIm","(G)I-DLE","TOMBOY","Cube Entertainment",12,21,6,"179733"
32,"spotify:track:1M2XakpRDkxjiuCirVPD8c","THE TOYS","เมะ","What The Duck",1,29,35,"179142"
33,"spotify:track:2EPMa8Jm1h5XRH4jwf8yK9","Dept","คงต้องบอกลาแล้ว","Smallroom",30,30,2,"178110"
34,"spotify:track:5PjdY0CKGZdEuoNab3yDmX","The Kid LAROI, Justin Bieber","STAY (with Justin Bieber)","Columbia",1,36,41,"176145"
35,"spotify:track:27qlKjzLoCOzltggfY8FPy","URBOYTJ","เป็นได้ทุกอย่าง","UrboyTJ",7,33,17,"175549"
36,"spotify:track:7EtCnq7brD1RU8ldqKWB0I","Ink Waruntorn","กลับก่อนนะ (GOODBYE)","Boxx Music",7,31,12,"175296"
37,"spotify:track:0AQkjLgo2ATGnv8EO2xKyJ","SLAPKISS","แฟนเก่าคนโปรด (My Fav Ex)","Loveis Entertainment",6,35,37,"171915"
38,"spotify:track:7xNCacksfUkYXsXuSW4vNF","salem ilese, TOMORROW X TOGETHER, Alan Walker","PS5","10K Projects",11,34,8,"171607"
39,"spotify:track:2LBqCSwhJGcFQeTHMVGwy3","The Weeknd","Die For You","Universal Republic Records",13,42,38,"170113"
40,"spotify:track:4OHu1M6xtQLkgTSao8nYS3","SAMBLACK","ไม่ยินดี","Warmlight",6,37,40,"169584"
41,"spotify:track:5l3HFThm3Xlv8c9mmiTUgT","Patrickananda","จันทร์อังคารพุธพฤหัสศุกร์เสาร์อาทิตย์ (Everyday)","WM/Thailand",7,38,44,"168129"
42,"spotify:track:08OtCoRVu0sHp8dmCddtvg","Waii, Koen","หากเธอเคยรักใคร (IF YOU LOVE)","Aoftion Music",19,39,15,"167509"
43,"spotify:track:03Pc18Z9L1n2LcyBb6SKZ1","BlackHeart, 2TFLOW","ฟีโรโมน","BlackHeart",24,40,14,"164789"
44,"spotify:track:5elW2CKSoqjYoJ32AGDxf1","ENHYPEN","Polaroid Love","BELIFT LAB",5,41,15,"163237"
45,"spotify:track:126PlW2V73OM9n1s1zOKW9","Violette Wautier","ตั้งแต่มีเธอฉันมีความสุข (This Time)","Universal Music (Thailand) Ltd.",16,43,35,"159168"
46,"spotify:track:3TSLqZssCoCdDlMhCJ08XW","BIGBANG","Still Life","YG Entertainment",18,19,3,"158636"
47,"spotify:track:7hU3IHwjX150XLoTVmjD0q","LISA","MONEY","YG Entertainment",1,47,32,"158369"
48,"spotify:track:3kVApGWaoR48GzDagnY55b","Three Man Down","ถ้าเธอรักฉันจริง","GMM Music Public Company Limited",1,48,71,"157847"
49,"spotify:track:0GEfa5zT6C6ryDExkiJ2Zh","PP Krit","I'll Do It How You Like It","Nadao Music",6,45,11,"151223"
50,"spotify:track:0b60FpB5Z8zm829xnET7t3","SERIOUS BACON","ไม่พิเศษ","Boxx Music",19,49,7,"149889"
51,"spotify:track:4KRH5emKl7a7Qo1nqmWFKb","PAPER","ท้องฟ้า","We Are Zoom",39,51,22,"141316"
52,"spotify:track:0JStm1Ns9Ya2zQhbqMDYEU","Tilly Birds","คิด(แต่ไม่)ถึง (Same Page?)","GMM Music Public Company Limited",1,50,112,"133378"
53,"spotify:track:4fouWK6XVHhzl78KzQ1UjL","GAYLE","abcdefu","Atlantic/Arthouse Records",10,55,22,"128307"
54,"spotify:track:0mqvwTYkebOqQs5cxZzRqN","Jaonaay, Juné","แปะหัวใจ (14th Feb)","Jaymidi",2,59,61,"122959"
55,"spotify:track:3r7Wk2nT2Vwlnb7xDI4pnE","Billkin, PP Krit","รู้งี้เป็นแฟนกันตั้งนานแล้ว (Safe Zone) - From แปลรักฉันด้วยใจเธอ Part 2","Nadao Music",2,53,51,"122273"
56,"spotify:track:02MWAaffLxlfxAUY7c5dvx","Glass Animals","Heat Waves","Polydor Records",35,60,32,"117532"
57,"spotify:track:0B1RbM8oFqL2LTsY3axKpt","Mirrr","ดอกไม้ไฟ","What The Duck",15,63,59,"115757"
58,"spotify:track:3afkJSKX0EAMsJXTZnDXXJ","Troye Sivan","Strawberries & Cigarettes","EMI Recorded Music Australia Pty Ltd",8,66,194,"115204"
59,"spotify:track:27OEf7iSIOJ14txp16xweP","Dept","ลา ลา ลา","Smallroom",56,56,10,"114960"
60,"spotify:track:1mWdTewIgB3gtBM3TOSFhB","BTS","Butter","BIGHIT MUSIC",1,57,48,"114854"
61,"spotify:track:5q3LwAHTqo9d3rET2EA9Nq","88rising, BIBI","The Weekend","88rising Music",7,150,17,"114530"
62,"spotify:track:2eAvDnpXP5W0cVtiI0PUxV","Ruth B.","Dandelions","Columbia",58,64,14,"114067"
63,"spotify:track:2SLwbpExuoBDZBpjfefCtV","The Weeknd","Out of Time","XO / Republic Records",49,62,8,"113344"
64,"spotify:track:4UbwSZD8MYj18GFk25Eyr3","DOM","แฟนกัน 1 Day (One day with you)","TPOP INCORPORATION Co.,Ltd.",64,67,5,"108551"
65,"spotify:track:1iK2nyld8wTLJv2dRIowSY","F.HERO, Tilly Birds","จำเก่ง (Slipped Your Mind)","What The Duck",6,61,96,"108101"
66,"spotify:track:4iJyoBOLtHqaGxP12qzhQI","Justin Bieber, Daniel Caesar, Giveon","Peaches (feat. Daniel Caesar & Giveon)","RBMG/Def Jam",1,73,57,"105626"
67,"spotify:track:4oQTocMZdjXkVz6GaPw7Gz","Billkin","โคตรพิเศษ - From แปลรักฉันด้วยใจเธอ","Nadao Music",4,65,74,"104376"
68,"spotify:track:1LDG6oNPVWerLLWp2ia78I","Alyn Wee","หัวใจเจ้าเอย​ (Not Again)","LOVEiS Entertainment",62,72,23,"104142"
69,"spotify:track:2MJz8BxxMsERULatmBikDH","Pink Sweat$","At My Worst","Atlantic Records",7,69,81,"102999"
70,"spotify:track:6I3mqTwhRpn34SLVafSH7G","Justin Bieber","Ghost","RBMG/Def Jam",70,76,27,"101421"
71,"spotify:track:4X6pR4sgSGXG1lSX7nxWEM","SERIOUS BACON","1001 (You're Lovely)","Boxx Music",10,70,60,"100568"
72,"spotify:track:1m2PksrrMpIev63uPxT1V0","NMIXX","O.O","Republic Records - NMIXX",21,58,8,"100530"
73,"spotify:track:3AVXwaOGCEL8cmBecfcsFJ","Charlie Puth","Light Switch","Atlantic Records",69,75,13,"98875"
74,"spotify:track:4GGNl8jiANylTJj4hfzqP7","URBOYTJ","ช่วยไม่ได้","UrboyTJ",3,74,75,"97947"
75,"spotify:track:3DarAbFujv6eYNliUTyqtz","Doja Cat, SZA","Kiss Me More (feat. SZA)","Kemosabe Records/RCA Records",11,78,54,"97479"
76,"spotify:track:0y60itmpH0aPKsFiGxmtnh","WILLOW","Wait a Minute!","Roc Nation W Smith P&D",76,95,5,"96653"
77,"spotify:track:4SqWKzw0CbA05TGszDgMlc","The Walters","I Love You So","Warner Records",31,77,27,"96208"
78,"spotify:track:29E8BUUDQbc5S7jMPOj9wW","Maiyarap, MILLI","แฟนใหม่หน้าคุ้น (feat. MILLI)","Yupp! Entertainment",1,71,80,"95490"
79,"spotify:track:6PM9OBzgQbY7wAkPWBTl2V","Whatcharawalee","สถานีดวงจันทร์","Tinnamou Music Score Co., Ltd.",67,85,44,"94658"
80,"spotify:track:09beOtPEjTgYLXNzYFjfLU","Pondering","เพลงนี้ผมเขียนให้เธอ","Pondering",68,68,2,"93203"
81,"spotify:track:46HNZY1i7O6jwTA7Slo2PI","Coldplay, BTS","My Universe","Parlophone UK",3,84,30,"92333"
82,"spotify:track:6HU7h9RYOaPRFeh0R3UeAr","Olivia Rodrigo","deja vu","Olivia Rodrigo PS",11,82,55,"91627"
83,"spotify:track:0Qk8RUwooCGKghG9yClG3O","BOWKYLION, WANWANWAN","ซับ","What The Duck",13,81,59,"91471"
84,"spotify:track:7Mcy886fsW8eUQzIwdLnVC","Ink Waruntorn","สายตาหลอกกันไม่ได้ (Eyes don't lie)","Boxx Music",1,83,61,"91011"
85,"spotify:track:7DNNJcCstLheOvqLsiq2Qz","Saran, MaiMhon","ลืมแทบไม่ไหว","SARAN",85,90,4,"89850"
86,"spotify:track:7n2FZQsaLb7ZRfRPfEeIvr","IVE","ELEVEN","STARSHIP Entertainment",8,80,20,"89299"
87,"spotify:track:02VBYrHfVwfEWXk5DXyf0T","Bruno Mars, Anderson .Paak, Silk Sonic","Leave The Door Open","Aftermath Entertainment/Atlantic",1,87,59,"89281"
88,"spotify:track:70gE5odAgYvmx0qB1bWDHz","Three Man Down","Friend Zone","GMM Music Public Company Limited",16,88,56,"89196"
89,"spotify:track:7uQZVznj0uQOGC9KhV2Mg6","LISA","LALISA","YG Entertainment",1,96,32,"88658"
90,"spotify:track:0FQuyJ6MTsvGcXQur2EPgk","Three Man Down","เดาไม่เก่ง","GMM Music Public Company Limited",13,91,61,"88267"
91,"spotify:track:7DQa8uzUPVkktrWOizGJEl","Morvasu, TangBadVoice","Melbourne","What The Duck",1,86,92,"87959"
92,"spotify:track:6uu05FXHuqfMNI9Ti6pts2","bamm","ฉันจะฉาปเธอ - Curse","LIT ENTERTAINMENT",74,79,5,"86610"
93,"spotify:track:5quFr5s5PXYfUX5jV2EBZ1","Jay Park, IU","GANADARA (Feat. IU)","MORE VISION",16,52,6,"85171"
94,"spotify:track:45qZ8r4atGNjdFhhBy2Cvw","Stamp, Christopher Chu","Nobody Knows","123Records",6,93,13,"84743"
95,"spotify:track:1UeqAsVFDiRxuzwN7lo4tI","Tattoo Colour","เผลอไป","Smallroom",64,94,17,"84721"
96,"spotify:track:5TTXEcfsYLh6fTarLaevTi","NIKI","lowkey","88rising Music",95,-1,110,"84149"
97,"spotify:track:7Im4VU4SWczGbNqzEfjlpe","Blue Shade","อยากเจอ - Reason of Loneliness","Tigger Twins",75,101,44,"84106"
98,"spotify:track:6R9YzJHkfYoN6PianPhTdB","Mirrr","นิโคติน","Macrowave",1,108,116,"83844"
99,"spotify:track:2bnJ8IxZnVc2YmUaX0sZap","TREASURE","JIKJIN","YG Entertainment",12,89,10,"83572"
100,"spotify:track:5TxtM4vmk6pXpgq8lJtvB0","TOMORROW X TOGETHER","20cm","Republic Records - TXT",100,123,3,"83206"
101,"spotify:track:21KoXyILr1IdLA0tak64Uw","BELL WARISARA","คนหรือไมโครเวฟ (microwave)","Home Run Music",58,92,8,"83150"
102,"spotify:track:06DPpk0hUJEgpzl5cuWNI6","Polycat","เวลาเธอยิ้ม","Smallroom",35,99,180,"81819"
103,"spotify:track:70DE8f3cq3auql4JMrF0Qg","Lipta, GUYGEEGEE","ทักครับ","Lipta",87,116,8,"79932"
104,"spotify:track:4a9tbd947vo9K8Vti9JwcI","BTS, Halsey","Boy With Luv (feat. Halsey)","BIGHIT MUSIC",1,97,144,"79756"
105,"spotify:track:6IPNp9PfaEqrzotY47TIWy","DJ Snake, Ozuna, Megan Thee Stallion, LISA","SG (with Ozuna, Megan Thee Stallion & LISA of BLACKPINK)","DJ Snake Music Productions Limited",1,104,27,"79320"
106,"spotify:track:19VIBTwlLTX2SKK6e3erAf","Tattoo Colour","รักแรกพบ","Smallroom",65,102,89,"79150"
107,"spotify:track:20r8bPumn1cybDcUEh2NPZ","Anatomy Rabbit","ขอให้โลกนี้ใจดีกับเธอ","Anatomy Rabbit",3,114,43,"77698"
108,"spotify:track:0ug5NqcwcFR2xrfTkc7k8e","Taylor Swift","Style","Big Machine Records, LLC",13,107,29,"77148"
109,"spotify:track:4OBZT9EnhYIV17t4pGw7ig","Daniel Caesar, H.E.R.","Best Part (feat. H.E.R.)","MBK Entertainment/RCA Records",13,117,205,"77104"
110,"spotify:track:1lD1Pjy7rNDOny7nFqmUHJ","Safeplanet","คำตอบ ( Answer )","Safeplanet",16,113,185,"76784"
111,"spotify:track:2WkKXmesZuSuuuy0Dj8xi9","SERIOUS BACON","ไม่อยากฟัง","Boxx Music",5,106,79,"76298"
112,"spotify:track:4IaxDf2FixiQXq0mW7key9","Jessi","ZOOM","P NATION",112,-1,1,"76220"
113,"spotify:track:0h5J891lpMTlU4o6oPg3VJ","Kinkaworn, BELL WARISARA","ตกหลุมรักรอบที่ล้าน","MARR",79,109,16,"76127"
114,"spotify:track:2aTKrdenCq5qBOoJPFdn4P","Jamie Miller","Here's Your Perfect","Atlantic Records",7,118,47,"74897"
115,"spotify:track:2pB3TJsSleiRiL0NP6rtCw","Three Man Down","ฝนตกไหม","GMM Music Public Company Limited",1,121,127,"74632"
116,"spotify:track:4ZtFanR9U6ndgddUvNcjcG","Olivia Rodrigo","good 4 u","Olivia Rodrigo PS",16,103,49,"73800"
117,"spotify:track:3GnPsrnfjIsUEAYraDpfIy","SERIOUS BACON","กำลังตัดใจ","Boxx Music",117,-1,1,"73331"
118,"spotify:track:1dmi9lVthTKjuemmO8ucWm","TAEYONG, Wonstein","Love Theory","SM Entertainment",118,-1,1,"73068"
119,"spotify:track:6Uj1ctrBOjOas8xZXGqKk4","Doja Cat","Woman","Kemosabe Records/RCA Records",73,124,37,"72636"
120,"spotify:track:6vo0dV9t7PCQZKsLFwVwZ5","SEVENTEEN","Darl+ing","PLEDIS Entertainment",120,-1,1,"72467"
121,"spotify:track:1HhNoOuqm1a5MXYEgAFl8o","Imagine Dragons, JID, Arcane, League of Legends","Enemy (with JID) - from the series Arcane League of Legends","Kid Ina Korner / Interscope",26,111,24,"72254"
122,"spotify:track:4HBZA5flZLE435QTztThqH","Ariana Grande, Justin Bieber","Stuck with U (with Justin Bieber)","Ariana Grande & Justin Bieber ""Stuck With U""- Charity",5,125,102,"71961"
123,"spotify:track:5wANPM4fQCJwkGd4rN57mH","Olivia Rodrigo","drivers license","Olivia Rodrigo PS",11,115,67,"70393"
124,"spotify:track:2TxW5LastxN8LZ5r6711m1","Blackbeans","Dance with Me","Blackbeans",106,141,38,"70012"
125,"spotify:track:2X45nVBeYzmDlrXji9Av0Q","MeloMance","Love, Maybe","FLEX M",125,128,4,"69950"
126,"spotify:track:186NCtNk1tUYS7c2DxgJ7O","V","Christmas Tree","MOST CONTENTS",7,127,17,"69914"
127,"spotify:track:13OtbwiqeUt7M5VtbSTtvK","Tattoo Colour","โกหก","Smallroom",66,110,28,"69784"
128,"spotify:track:49P4H6SJkVu2pkuZnuUDk4","Tattoo Colour","ฟ้า","Smallroom",90,120,88,"69618"
129,"spotify:track:0AGhwXsWpVOwjHY5yf4dtD","F.HERO, Txrbo","จำเลยรัก - Defendant Of Love","What The Duck",2,126,74,"69235"
130,"spotify:track:7vUrVGEoDUfxHZFK4lDTKR","NONT TANONT","วันครบเลิก","Loveis Entertainment",21,100,21,"68922"
131,"spotify:track:5NB83Qpt3RUDuKBuTGQcA3","Tattoo Colour","Cinderella","Smallroom",70,112,7,"68114"
132,"spotify:track:19CoWVqDyUbiqxoyMf4HkJ","Anatomy Rabbit","Extraordinary","Anatomy Rabbit",1,134,71,"68084"
133,"spotify:track:1ZvsNPtC7kz7PHh2XZOTln","Whatcharawalee","ทราย","Tinnamou Music Score Co., Ltd.",71,119,37,"67782"
134,"spotify:track:5Z9KJZvQzH6PFmb8SNkxuk","Lil Nas X, Jack Harlow","INDUSTRY BABY (feat. Jack Harlow)","Columbia",29,129,39,"67206"
135,"spotify:track:5b1PngLlxc7hj3fJXrE2Zm","NCT DREAM","Glitch Mode","SM Entertainment",47,98,4,"66810"
136,"spotify:track:2dHoVW9AxJVSRebPRyV2aA","ROSÉ","Gone","YG Entertainment",3,133,58,"66783"
137,"spotify:track:1rDQ4oMwGJI7B4tovsBOxc","Jack Harlow","First Class","Generation Now/Atlantic",137,173,2,"66738"
138,"spotify:track:7BDHDiidJ8WV349p3HTxTV","Stray Kids","MANIAC","Republic Records - Stray Kids",52,122,5,"66109"
139,"spotify:track:6Im9k8u9iIzKMrmV7BWtlF","Ariana Grande","34+35","Republic Records",8,140,77,"65842"
140,"spotify:track:5CZ40GBx1sQ9agT82CLQCT","Olivia Rodrigo","traitor","Olivia Rodrigo PS",89,130,40,"65658"
141,"spotify:track:4DqaFHKqAsnBn9DfLWhRpW","Three Man Down","คุยคนเดียวเก่ง","GMM Music Public Company Limited",50,144,47,"65055"
142,"spotify:track:3uwnnTQcHM1rDqSfA4gQNz","Demi Lovato","Cool for the Summer","Hollywood Records",115,138,5,"64416"
143,"spotify:track:1yrifw3LDWawZHMsDuPCBh","Newery","หลงรัก","Newery",88,143,18,"64327"
144,"spotify:track:6TBJkXHPhu3EsMk1bshwuI","LeeHi","ONLY","Genie Music Corporation, Stone Music Entertainment",6,132,31,"63459"
145,"spotify:track:7mFj0LlWtEJaEigguaWqYh","Megan Thee Stallion, Dua Lipa","Sweetest Pie","300 Entertainment",62,131,6,"63445"
146,"spotify:track:0ZcyX8hFV1jdJNWOI8mMXF","YEW, LANDOKMAI","Summertime","YEW",129,155,6,"62808"
147,"spotify:track:00Blm7zeNqgYLPtW6zg8cj","Post Malone, The Weeknd","One Right Now (with The Weeknd)","Republic Records",16,157,24,"62736"
148,"spotify:track:21AziTMaZwcLflGMAj85o5","Lauv","All 4 Nothing (I'm So In Love)","Lauv",135,135,2,"62605"
149,"spotify:track:3Vi5XqYrmQgOYBajMWSvCi","Doja Cat","Need to Know","Kemosabe Records/RCA Records",44,158,43,"62597"
150,"spotify:track:4KL3FJYexPrPuMdPagHPXp","Raiden, CHANYEOL, LeeHi, CHANGMO","Yours","SM Entertainment",86,147,16,"61992"
151,"spotify:track:35mvY5S1H3J2QZyna3TFe0","Ariana Grande","positions","Republic Records",6,161,78,"61596"
152,"spotify:track:0U1W2LZVUX7qTm7dDpqxh6","Shawn Mendes","When You're Gone","Shawn Mendes LP4-5 PS/ Island",130,139,3,"61448"
153,"spotify:track:0k4d5YPDr1r7FX77VdqWez","Doja Cat, The Weeknd","You Right","Kemosabe Records/RCA Records",54,166,33,"61345"
154,"spotify:track:1t8sqIScEIP0B4bQzBuI2P","(G)I-DLE","MY BAG","Cube Entertainment",136,136,2,"61212"
155,"spotify:track:7CAdT0HdiQNlt1C7xk2hep","Jung Kook","Stay Alive (Prod. SUGA of BTS)","BIGHIT MUSIC",4,145,10,"61186"
156,"spotify:track:3v5g7khNHS9726iyuI1iUs","PURPEECH","หากจะเพียงขอ(Sincare)","PURPEECH",141,160,29,"60930"
157,"spotify:track:2NgwO1jlYB86n3HSpMhl34","Mild","หวานเย็น","Nano Records",95,146,36,"60880"
158,"spotify:track:50nfwKoDiSYg8zOCREWAm5","Ed Sheeran","Shivers","Atlantic Records UK",65,156,32,"60709"
159,"spotify:track:3IgTrdtmSqAWsFmXTEftOv","Numcha","Keep Cold","Numcha",54,-1,97,"60360"
160,"spotify:track:6yrxuUnWFv72Veb9jphPLL","WANYAi","เงา (Silhouette)","HOLYFOX CO., LTD.",124,164,70,"60277"
161,"spotify:track:3sLTOt7ZMwEWEB7YdLaeZS","URBOYTJ","ถามคำ","UrboyTJ",48,149,74,"59921"
162,"spotify:track:6rVCUwfnuYTAsX4P9fIdIu","aespa","Dreams Come True","SM Entertainment",17,148,18,"59898"
163,"spotify:track:4fAI0wdVepOCi4xRwj40z9","YEW","จะมอบความรัก","YEW",144,170,23,"59794"
164,"spotify:track:46IZ0fSY2mpAiktS3KOqds","Adele","Easy On Me","Columbia",3,151,27,"59699"
165,"spotify:track:0ClPIeT6MSgfSgQ9ZrJbAq","Charlie Puth","Cheating on You","Artist Partner",112,172,45,"59223"
166,"spotify:track:0ntdviIRIuOlRFnEZLWqNR","Violette Wautier","จังหวะจะรัก","Spicy Disc",11,162,79,"58994"
167,"spotify:track:29Fh92NfO9dq9T05FMgyAi","LAZYLOXY","Morning","Yupp! Entertainment",153,167,14,"58951"
168,"spotify:track:3dbLT62Cvs46Ju7a8gpr36","aespa","Savage","SM Entertainment",4,174,29,"58646"
169,"spotify:track:3LCwQoTrdQgHsGJE5gGVqx","GOT the beat","Step Back","SM Entertainment",47,142,16,"58310"
170,"spotify:track:2Z9U0wFqsxoALv3qtJKlwH","MaxMillor","วิเศษ (Magic)","MaxMillor",89,153,5,"58235"
171,"spotify:track:6LXKd4e0i2EPLh86GWvWOE","พัด Vorapat, First Anuwat","ตั้งใจรัก","MARR",169,169,2,"57708"
172,"spotify:track:4xqrdfXkTW4T0RauPLv3WA","Conan Gray","Heather","Republic Records",52,-1,85,"57548"
173,"spotify:track:6oBGKAEqVgvljmFMwMUAXX","Txrbo, แพรวา, Pearwah","น้ำลาย","High Cloud Entertainment",15,191,58,"57244"
174,"spotify:track:13y3BLdlSdVH7wJwavs06O","Safeplanet","กอดความเจ็บช้ำ ( Carry )","Safeplanet",19,181,170,"56808"
175,"spotify:track:1lhm29o3syw122xynSKaAK","Sam Kim","Love Me Like That","ADA Korea",2,180,39,"56651"
176,"spotify:track:4Sav8RLaXMBpTZX6xNPj0K","JAEHYUN, d.ear","Try Again","SM Entertainment",69,175,11,"56626"
177,"spotify:track:2zrhoHlFKxFTRF5aMyxMoQ","aespa","Next Level","SM Entertainment",6,188,49,"56529"
178,"spotify:track:1XGmzt0PVuFgQYYnV2It7A","Maroon 5, Wiz Khalifa","Payphone","Interscope Records*",178,-1,1,"56524"
179,"spotify:track:7AYP21Q4qnxw2WxETEvSRb","Conan Gray","Memories","Republic Records",179,-1,1,"56400"
180,"spotify:track:1u8c2t2Cy7UBoG4ArRcF5g","Taylor Swift","Blank Space","Big Machine Records, LLC",58,183,30,"56380"
181,"spotify:track:5SlU0Yhi51jobhEiGE4xDv","keshi","2 soon","keshi",97,192,96,"56232"
182,"spotify:track:1oFAF1hdPOickyHgbuRjyX","The Weeknd, Ariana Grande","Save Your Tears (Remix) (with Ariana Grande) - Bonus Track","XO / Republic Records",23,182,46,"56219"
183,"spotify:track:7AQFhodzN09DtXGiIDtFrd","LUSS","247","WM/Thailand",21,137,66,"55989"
184,"spotify:track:0Q9OvtY0g8yah9Db7BTYVj","Tilly Birds","ลู่วิ่ง (Can't Keep Up)","GMM Music Public Company Limited",6,159,38,"55784"
185,"spotify:track:0GbWc31BXewOO7ZYRR9RVn","Whatcharawalee","ลูกอม","Tinnamou Music Score Co., Ltd.",76,176,42,"55682"
186,"spotify:track:3XYRV7ZSHqIRDG87DKTtry","BTS","Permission to Dance","BIGHIT MUSIC",1,178,41,"55573"
187,"spotify:track:0hdVaCnCS5d5puPAN2tQ25","Maiyarap, Three Man Down","เก็บไว้ในใจไม่พอ (feat. Three Man Down)","Yupp! Entertainment",29,189,54,"55370"
188,"spotify:track:5bvgLLWn7IFu6mOa46XaoV","QLER","จีบ","DeBlueSound",3,-1,69,"55286"
189,"spotify:track:2P91MQbaiQOfbiz9VqhqKQ","Lauv","I Like Me Better","Lauv",26,190,243,"55281"
190,"spotify:track:27zrFrtUtWl2urlvjOn5xc","Loco, Punch","Say Yes","Genie Music Corporation",120,177,24,"55142"
191,"spotify:track:1Fhb9iJPufNMZSwupsXiRe","keshi","beside you","Island Records",18,199,52,"55054"
192,"spotify:track:4xk70Qur2QeRmWIzWPC63V","Vaundy","踊り子","SDR Inc.",192,-1,1,"55050"
193,"spotify:track:2tGvwE8GcFKwNdAXMnlbfl","Olivia Rodrigo","happier","Olivia Rodrigo PS",56,163,30,"54422"
194,"spotify:track:5SuOikwiRyPMVoIQDJUgSV","Gen Hoshino","Comedy","Speedstar",154,154,2,"54262"
195,"spotify:track:0hQNbQKW2dDATH1ngj4TI6","Kep1er","WA DA DA","Genie Music Corporation, Stone Music Entertainment",60,165,16,"54147"
196,"spotify:track:3FAJ6O0NOHQV8Mc5Ri6ENp","Giveon","Heartbreak Anniversary","Epic/Not So Fast",6,-1,57,"54054"
197,"spotify:track:1jIMjbzcGCcCQn5iMu9CUc","Charlie Puth","That's Hilarious","Atlantic Records",171,171,2,"53890"
198,"spotify:track:3ZONf2dg0q1KvTIebUI0GG","Tattoo Colour","ขาหมู","Smallroom",126,168,7,"53783"
199,"spotify:track:2DB4DdfCFMw1iaR6JaR03a","Camila Cabello, Ed Sheeran","Bam Bam (feat. Ed Sheeran)","Epic",87,179,7,"53623"
200,"spotify:track:1LOAgM7DIxdprmoaoo990N","Whatcharawalee","น้อย","Tinnamou Music Score Co., Ltd.",114,185,37,"53577"
